{
  "classrooms" : [ {
    "classroomName" : "default",
    "students" : [ {
      "name" : "Alex Yeoh",
      "phone" : "87438807",
      "email" : "alexyeoh@example.com",
      "parentPhone" : "91111111",
      "address" : "Blk 30 Geylang Street 29, #06-40",
      "medicalCondition" : "Sinus",
      "tagged" : [ "friends" ]
    }, {
      "name" : "Bernice Yu",
      "phone" : "99272758",
      "email" : "berniceyu@example.com",
      "parentPhone" : "92222222",
      "address" : "Blk 30 Lorong 3 Serangoon Gardens, #07-18",
      "medicalCondition" : "Asthma",
      "tagged" : [ "colleagues", "friends" ]
    }, {
      "name" : "Charlotte Oliveiro",
      "phone" : "93210283",
      "email" : "charlotte@example.com",
      "parentPhone" : "93333333",
      "address" : "Blk 11 Ang Mo Kio Street 74, #11-04",
      "medicalCondition" : "Heart Attack",
      "tagged" : [ "neighbours" ]
    }, {
      "name" : "David Li",
      "phone" : "91031282",
      "email" : "lidavid@example.com",
      "parentPhone" : "94444444",
      "address" : "Blk 436 Serangoon Gardens Street 26, #16-43",
      "medicalCondition" : "Pimples",
      "tagged" : [ "family" ]
    }, {
      "name" : "Irfan Ibrahim",
      "phone" : "92492021",
      "email" : "irfan@example.com",
      "parentPhone" : "95555555",
      "address" : "Blk 47 Tampines Street 20, #17-35",
      "medicalCondition" : "HIV",
      "tagged" : [ "classmates" ]
    }, {
      "name" : "Roy Balakrishnan",
      "phone" : "92624417",
      "email" : "royb@example.com",
      "parentPhone" : "96666666",
      "address" : "Blk 45 Aljunied Street 85, #11-31",
      "medicalCondition" : "Herpes",
      "tagged" : [ "colleagues" ]
    }, {
      "name" : "boi",
      "phone" : "9012302",
      "email" : "adw@fmail.com",
      "parentPhone" : "90213",
      "address" : "seasme",
      "medicalCondition" : "NIL",
      "tagged" : [ ]
    }, {
      "name" : "John Doe",
      "phone" : "12345678",
      "email" : "john_doe@gmail.com",
      "parentPhone" : "98765432",
      "address" : "311, Clementi Ave 2, #02-25",
      "medicalCondition" : "Sinus",
      "tagged" : [ "owesMoney", "friends" ]
    }, {
      "name" : "John Do1e",
      "phone" : "91234567",
      "email" : "john_doe@gmail.com",
      "parentPhone" : "98765432",
      "address" : "seasme",
      "medicalCondition" : "NIL",
      "tagged" : [ ]
    }, {
      "name" : "Joh23n Doe",
      "phone" : "91234567",
      "email" : "john_doe@gmail.com",
      "parentPhone" : "98765432",
      "address" : "w23",
      "medicalCondition" : "1234",
      "tagged" : [ "awtes" ]
    } ],
    "assignments" : [ {
      "assignmentName" : "buy milk",
      "assignmentDeadline" : "12/12/1994 1212",
      "names" : [ "Alex Yeoh", "Bernice Yu", "Charlotte Oliveiro", "David Li", "Irfan Ibrahim", "Roy Balakrishnan", "boi" ],
      "marks" : [ "Not submitted.", "Not submitted.", "Not submitted.", "Not submitted.", "Not submitted.", "Not submitted.", "Not submitted." ],
      "isCompleted" : false
    }, {
      "assignmentName" : "Math Assignment 1",
      "assignmentDeadline" : "24/07/2019 1800",
      "names" : [ ],
      "marks" : [ ],
      "isCompleted" : false
    }, {
      "assignmentName" : "English Assignment 3",
      "assignmentDeadline" : "29/07/2019 2359",
      "names" : [ ],
      "marks" : [ ],
      "isCompleted" : false
    }, {
      "assignmentName" : "Math Tutorial 3",
      "assignmentDeadline" : "01/08/2019 1400",
      "names" : [ ],
      "marks" : [ ],
      "isCompleted" : false
    }, {
      "assignmentName" : "English Essay 1",
      "assignmentDeadline" : "02/08/2019 2359",
      "names" : [ ],
      "marks" : [ ],
      "isCompleted" : false
    }, {
      "assignmentName" : "Math Homework 3",
      "assignmentDeadline" : "31/10/2019 2359",
      "names" : [ "Alex Yeoh", "Bernice Yu", "Charlotte Oliveiro", "David Li", "Irfan Ibrahim", "Roy Balakrishnan", "boi", "John Doe" ],
      "marks" : [ "Not submitted.", "Not submitted.", "Not submitted.", "Not submitted.", "Not submitted.", "Not submitted.", "Not submitted.", "Not submitted." ],
      "isCompleted" : false
    } ]
  }, {
    "classroomName" : "crown",
    "students" : [ {
      "name" : "Jane Doe",
      "phone" : "98765432",
      "email" : "jane.doe@gmail.com",
      "parentPhone" : "93333333",
      "address" : "Jane Street, Block 123, #10-10",
      "medicalCondition" : "Sinus",
      "tagged" : [ ]
    } ],
    "assignments" : [ {
      "assignmentName" : "CS2103 Team Project",
      "assignmentDeadline" : "31/10/2019 1800",
      "names" : [ ],
      "marks" : [ ],
      "isCompleted" : false
    }, {
      "assignmentName" : "Math Homework 3",
      "assignmentDeadline" : "31/10/2019 2359",
      "names" : [ "Jane Doe" ],
      "marks" : [ "Not submitted." ],
      "isCompleted" : false
    } ]
  } ]
}